Title,Price,Rating,Availability
A Light in the Attic,₹ 6031.2,Three,True
Tipping the Velvet,₹ 6260.71,One,True
Soumission,₹ 5836.65,One,True
Sharp Objects,₹ 5571.03,Four,True
Sapiens: A Brief History of Humankind,₹ 6317.8,Five,True
The Requiem Red,₹ 2638.72,One,True
The Dirty Little Secrets of Getting Your Dream Job,₹ 3884.11,Four,True
"The Coming Woman: A Novel Based on the Life of the Infamous Feminist, Victoria Woodhull",₹ 2088.84,Three,True
The Boys in the Boat: Nine Americans and Their Epic Quest for Gold at the 1936 Berlin Olympics,₹ 2632.9,Four,True
The Black Maria,₹ 6075.47,One,True
"Starving Hearts (Triangular Trade Trilogy, #1)",₹ 1629.84,Two,True
Shakespeare's Sonnets,₹ 2406.89,Four,True
Set Me Free,₹ 2034.09,Five,True
Scott Pilgrim's Precious Little Life (Scott Pilgrim #1),₹ 6091.78,Five,True
Rip it Up and Start Again,₹ 4079.83,Five,True
"Our Band Could Be Your Life: Scenes from the American Indie Underground, 1981-1991",₹ 6669.62,Three,True
Olio,₹ 2782.02,One,True
Mesaerion: The Best Science Fiction Stories 1800-1849,₹ 4379.24,One,True
Libertarianism for Beginners,₹ 5979.94,Two,True
It's Only the Himalayas,₹ 5262.31,Two,True
In Her Wake,₹ 1495.86,One,True
How Music Works,₹ 4347.78,Two,True
"Foolproof Preserving: A Guide to Small Batch Jams, Jellies, Pickles, Condiments, and More: A Foolproof Guide to Making Small Batch Jams, Jellies, Pickles, Condiments, and More",₹ 3555.58,Three,True
Chase Me (Paris Nights #2),₹ 2943.95,Five,True
Black Dust,₹ 4022.75,Five,True
Birdsong: A Story in Pictures,₹ 6365.56,Three,True
America's Cradle of Quarterbacks: Western Pennsylvania's Football Factory from Johnny Unitas to Joe Montana,₹ 2621.25,Three,True
Aladdin and His Wonderful Lamp,₹ 6189.65,Three,True
Worlds Elsewhere: Journeys Around Shakespeareâs Globe,₹ 4694.95,Five,True
Wall and Piece,₹ 5146.97,Four,True
The Four Agreements: A Practical Guide to Personal Freedom,₹ 2057.39,Five,True
The Five Love Languages: How to Express Heartfelt Commitment to Your Mate,₹ 3617.33,Three,True
The Elephant Tree,₹ 2775.03,Five,True
The Bear and the Piano,₹ 4297.69,One,True
Sophie's World,₹ 1857.01,Five,True
Penny Maybe,₹ 3878.28,Three,True
Maude (1883-1993):She Grew Up with the country,₹ 2099.33,Two,True
"In a Dark, Dark Wood",₹ 2286.89,One,True
Behind Closed Doors,₹ 6083.63,Four,True
You can't bury them all: Poems,₹ 3917.9,Two,True
Slow States of Collapse: Poems,₹ 6676.62,Three,True
Reasons to Stay Alive,₹ 3076.76,Two,True
Private Paris (Private #10),₹ 5546.56,Five,True
#HigherSelfie: Wake Up Your Life. Free Your Soul. Find Your Tribe.,₹ 2692.32,Five,True
Without Borders (Wanderlove #1),₹ 5250.65,Two,True
When We Collided,₹ 3701.2,One,True
"We Love You, Charlie Freeman",₹ 5856.45,Five,True
Untitled Collection: Sabbath Poems 2014,₹ 1662.45,Four,True
"Unseen City: The Majesty of Pigeons, the Discreet Charm of Snails & Other Wonders of the Urban Wilderness",₹ 5146.97,Four,True
Unicorn Tracks,₹ 2187.87,Three,True
"Unbound: How Eight Technologies Made Us Human, Transformed Society, and Brought Our World to the Brink",₹ 2973.08,One,True
Tsubasa: WoRLD CHRoNiCLE 2 (Tsubasa WoRLD CHRoNiCLE #2),₹ 1896.62,One,True
Throwing Rocks at the Google Bus: How Growth Became the Enemy of Prosperity,₹ 3625.48,Three,True
This One Summer,₹ 2270.59,Four,True
Thirst,₹ 2011.95,Five,True
The Torch Is Passed: A Harding Family Story,₹ 2223.99,One,True
The Secret of Dreadwillow Carse,₹ 6539.15,One,True
"The Pioneer Woman Cooks: Dinnertime: Comfort Classics, Freezer Food, 16-Minute Meals, and Other Delicious Ways to Solve Supper!",₹ 6571.76,One,True
The Past Never Ends,₹ 6582.25,Four,True
The Natural History of Us (The Fine Art of Pretending #2),₹ 5268.13,Three,True
The Nameless City (The Nameless City #1),₹ 4445.64,Four,True
The Murder That Never Was (Forensic Instincts #5),₹ 6303.81,Three,True
The Most Perfect Thing: Inside (and Outside) a Bird's Egg,₹ 5004.84,Four,True
"The Mindfulness and Acceptance Workbook for Anxiety: A Guide to Breaking Free from Anxiety, Phobias, and Worry Using Acceptance and Commitment Therapy",₹ 2783.18,Four,True
The Life-Changing Magic of Tidying Up: The Japanese Art of Decluttering and Organizing,₹ 1953.7,Three,True
"The Inefficiency Assassin: Time Management Tactics for Working Smarter, Not Longer",₹ 2398.74,Five,True
The Gutsy Girl: Escapades for Your Life of Epic Adventure,₹ 4325.65,One,True
The Electric Pencil: Drawings from Inside State Hospital No. 3,₹ 6530.99,One,True
The Death of Humanity: and the Case for Life,₹ 6769.81,Four,True
"The Bulletproof Diet: Lose up to a Pound a Day, Reclaim Energy and Focus, Upgrade Your Life",₹ 5714.32,Three,True
The Art Forger,₹ 4748.54,Three,True
The Age of Genius: The Seventeenth Century and the Birth of the Modern Mind,₹ 2298.55,One,True
The Activist's Tao Te Ching: Ancient Advice for a Modern Revolution,₹ 3755.96,Five,True
Spark Joy: An Illustrated Master Class on the Art of Organizing and Tidying Up,₹ 4873.19,Four,True
Soul Reader,₹ 4611.07,Two,True
Security,₹ 4572.62,Two,True
"Saga, Volume 6 (Saga (Collected Editions) #6)",₹ 2914.83,Three,True
"Saga, Volume 5 (Saga (Collected Editions) #5)",₹ 5946.16,Two,True
Reskilling America: Learning to Labor in the Twenty-First Century,₹ 2310.19,Two,True
"Rat Queens, Vol. 3: Demons (Rat Queens (Collected Editions) #11-15)",₹ 5871.6,Three,True
"Princess Jellyfish 2-in-1 Omnibus, Vol. 01 (Princess Jellyfish 2-in-1 Omnibus #1)",₹ 1585.56,Five,True
Princess Between Worlds (Wide-Awake Princess #5),₹ 1554.11,Five,True
"Pop Gun War, Volume 1: Gift",₹ 2210.0,One,True
"Political Suicide: Missteps, Peccadilloes, Bad Calls, Backroom Hijinx, Sordid Pasts, Rotten Breaks, and Just Plain Dumb Mistakes in the Annals of American Politics",₹ 4226.62,Two,True
Patience,₹ 1183.64,Three,True
"Outcast, Vol. 1: A Darkness Surrounds Him (Outcast #1)",₹ 1798.76,Four,True
orange: The Complete Collection 1 (orange: The Complete Collection #1),₹ 5639.76,One,True
Online Marketing for Busy Authors: A Step-By-Step Guide,₹ 5399.78,One,True
On a Midnight Clear,₹ 1639.15,Three,True
Obsidian (Lux #1),₹ 1731.19,Two,True
My Paris Kitchen: Recipes and Stories,₹ 3887.6,Two,True
Masks and Shadows,₹ 6570.6,Two,True
"Mama Tried: Traditional Italian Cooking for the Screwed, Crude, Vegan, and Tattooed",₹ 1633.33,Four,True
"Lumberjanes, Vol. 2: Friendship to the Max (Lumberjanes #5-8)",₹ 5465.01,Two,True
"Lumberjanes, Vol. 1: Beware the Kitten Holy (Lumberjanes #1-4)",₹ 5313.56,Three,True
Lumberjanes Vol. 3: A Terrible Plan (Lumberjanes #9-12),₹ 2320.68,Two,True
"Layered: Baking, Building, and Styling Spectacular Cakes",₹ 4672.81,One,True
Judo: Seven Steps to Black Belt (an Introductory Guide for Beginners),₹ 6279.35,Two,True
Join,₹ 4155.56,Five,True
In the Country We Love: My Family Divided,₹ 2563.0,Four,True
Immunity: How Elie Metchnikoff Changed the Course of Modern Medicine,₹ 6682.44,Five,True
"I Hate Fairyland, Vol. 1: Madly Ever After (I Hate Fairyland (Compilations) #1-5)",₹ 3398.31,Two,True
I am a Hero Omnibus Volume 1,₹ 6364.4,Three,True
How to Be Miserable: 40 Strategies You Already Use,₹ 5362.49,One,True
Her Backup Boyfriend (The Sorensen Family #1),₹ 3957.5,One,True
"Giant Days, Vol. 2 (Giant Days #5-8)",₹ 2575.82,Two,True
Forever and Forever: The Courtship of Henry Longfellow and Fanny Appleton,₹ 3458.89,Three,True
First and First (Five Boroughs #3),₹ 1860.51,Four,True
Fifty Shades Darker (Fifty Shades #2),₹ 2558.34,One,True
Everydata: The Misinformation Hidden in the Little Data You Consume Every Day,₹ 6331.78,Two,True
"Don't Be a Jerk: And Other Practical Advice from Dogen, Japan's Greatest Zen Master",₹ 4423.51,Two,True
Danganronpa Volume 1,₹ 6056.84,Four,True
Crown of Midnight (Throne of Glass #2),₹ 5043.28,Three,True
"Codename Baboushka, Volume 1: The Conclave of Death",₹ 4277.88,Four,True
Camp Midnight,₹ 1989.82,Four,True
Call the Nurse: True Stories of a Country Nurse on a Scottish Isle,₹ 3394.81,Five,True
Burning,₹ 3356.36,Three,True
Bossypants,₹ 5762.09,Two,True
"Bitch Planet, Vol. 1: Extraordinary Machine (Bitch Planet (Collected Editions))",₹ 4417.68,Two,True
"Avatar: The Last Airbender: Smoke and Shadow, Part 3 (Smoke and Shadow #3)",₹ 3272.49,Two,True
Algorithms to Live By: The Computer Science of Human Decisions,₹ 3589.36,One,True
A World of Flavor: Your Gluten Free Passport,₹ 5003.68,One,True
"A Piece of Sky, a Grain of Rice: A Memoir in Four Meditations",₹ 6612.54,Five,True
A Murder in Time,₹ 1938.56,One,True
A Flight of Arrows (The Pathfinders #2),₹ 6469.24,Five,True
A Fierce and Subtle Poison,₹ 3277.14,Four,True
A Court of Thorns and Roses (A Court of Thorns and Roses #1),₹ 6101.1,One,True
(Un)Qualified: How God Uses Broken People to Do Big Things,₹ 6291.0,Five,True
You Are What You Love: The Spiritual Power of Habit,₹ 2547.86,Four,True
"William Shakespeare's Star Wars: Verily, A New Hope (William Shakespeare's Star Wars #4)",₹ 5044.45,Four,True
Tuesday Nights in 1980,₹ 2451.16,Two,True
Tracing Numbers on a Train,₹ 4846.4,Three,True
Throne of Glass (Throne of Glass #1),₹ 4085.66,Three,True
Thomas Jefferson and the Tripoli Pirates: The Forgotten War That Changed American History,₹ 6948.06,One,True
Thirteen Reasons Why,₹ 6141.88,One,True
The White Cat and the Monk: A Retelling of the Poem âPangur BÃ¡nâ,₹ 6766.32,Four,True
The Wedding Dress,₹ 2809.98,One,True
The Vacationers,₹ 4910.47,Four,True
The Third Wave: An Entrepreneurâs Vision of the Future,₹ 1469.06,Five,True
The Stranger,₹ 2031.76,Four,True
The Shadow Hero (The Shadow Hero),₹ 3860.81,One,True
The Secret (The Secret #1),₹ 3188.61,Four,True
The Regional Office Is Under Attack!,₹ 5983.44,Five,True
The Psychopath Test: A Journey Through the Madness Industry,₹ 4194.0,Two,True
The Project,₹ 1240.73,One,True
The Power of Now: A Guide to Spiritual Enlightenment,₹ 5072.41,Two,True
The Omnivore's Dilemma: A Natural History of Four Meals,₹ 4451.47,Two,True
The Nerdy Nummies Cookbook: Sweet Treats for the Geek in All of Us,₹ 4350.11,Five,True
The Murder of Roger Ackroyd (Hercule Poirot #4),₹ 5137.65,Four,True
The Mistake (Off-Campus #2),₹ 5043.28,Three,True
The Matchmaker's Playbook (Wingmen Inc. #1),₹ 6506.53,One,True
The Love and Lemons Cookbook: An Apple-to-Zucchini Celebration of Impromptu Cooking,₹ 4380.4,Two,True
The Long Shadow of Small Ghosts: Murder and Memory in an American City,₹ 1278.01,One,True
The Kite Runner,₹ 4872.03,Four,True
The House by the Lake,₹ 4304.68,One,True
The Glittering Court (The Glittering Court #1),₹ 5158.62,One,True
The Girl on the Train,₹ 6409.83,Two,True
The Genius of Birds,₹ 2008.46,One,True
The Emerald Mystery,₹ 2696.97,Two,True
The Cookies & Cups Cookbook: 125+ sweet & savory recipes reminding you to Always Eat Dessert First,₹ 4805.62,One,True
The Bridge to Consciousness: I'm Writing the Bridge Between Science and Our Old and New Beliefs.,₹ 3728.0,Three,True
The Artist's Way: A Spiritual Path to Higher Creativity,₹ 4484.09,Five,True
The Art of War,₹ 3884.11,Five,True
The Argonauts,₹ 1273.35,Two,True
The 10% Entrepreneur: Live Your Startup Dream Without Quitting Your Day Job,₹ 3209.58,Three,True
Suddenly in Love (Lake Haven #1),₹ 6522.84,Two,True
Something More Than This,₹ 1891.96,Four,True
Soft Apocalypse,₹ 3042.98,Two,True
So You've Been Publicly Shamed,₹ 1424.8,Two,True
Shoe Dog: A Memoir by the Creator of NIKE,₹ 2794.84,Two,True
"Shobu Samurai, Project Aryoku (#3)",₹ 3385.49,Three,True
Secrets and Lace (Fatal Hearts #1),₹ 2361.45,One,True
Scarlett Epstein Hates It Here,₹ 5073.57,Five,True
Romero and Juliet: A Tragic Tale of Love and Zombies,₹ 4303.51,One,True
Redeeming Love,₹ 2384.75,Five,True
Poses for Artists Volume 1 - Dynamic and Sitting Poses: An Essential Reference for Figure Drawing and the Human Form,₹ 4783.49,One,True
Poems That Make Grown Women Cry,₹ 1653.13,Four,True
"Nightingale, Sing",₹ 4459.62,One,True
Night Sky with Exit Wounds,₹ 4782.32,One,True
Mrs. Houdini,₹ 3524.12,Five,True
Modern Romance,₹ 3292.29,Five,True
Miss Peregrineâs Home for Peculiar Children (Miss Peregrineâs Peculiar Children #1),₹ 1253.54,One,True
Louisa: The Extraordinary Life of Mrs. Adams,₹ 1963.03,Two,True
Little Red,₹ 1569.26,Three,True
Library of Souls (Miss Peregrineâs Peculiar Children #3),₹ 5657.24,Five,True
Large Print Heart of the Pride,₹ 2230.97,Two,True
I Had a Nice Time And Other Lies...: How to find love & sh*t like that,₹ 6682.44,Four,True
Hollow City (Miss Peregrineâs Peculiar Children #2),₹ 5007.17,One,True
Grumbles,₹ 2581.64,Two,True
Full Moon over Noahâs Ark: An Odyssey to Mount Ararat and Beyond,₹ 5758.6,Four,True
Frostbite (Vampire Academy #2),₹ 3493.84,Five,True
Follow You Home,₹ 2488.44,One,True
First Steps for New Christians (Print Edition),₹ 3378.5,One,True
Finders Keepers (Bill Hodges Trilogy #2),₹ 6236.24,Five,True
"Fables, Vol. 1: Legends in Exile (Fables #1)",₹ 4848.73,Four,True
Eureka Trivia 6.0,₹ 6359.74,Four,True
Drive: The Surprising Truth About What Motivates Us,₹ 4071.68,Four,True
Done Rubbed Out (Reightman & Bailey #1),₹ 4394.38,Five,True
Doing It Over (Most Likely To #1),₹ 4148.56,Three,True
"Deliciously Ella Every Day: Quick and Easy Recipes for Gluten-Free Snacks, Packed Lunches, and Simple Meals",₹ 4911.64,Three,True
Dark Notes,₹ 2235.64,Five,True
"Daring Greatly: How the Courage to Be Vulnerable Transforms the Way We Live, Love, Parent, and Lead",₹ 2263.59,Three,True
Close to You,₹ 5762.09,Four,True
Chasing Heaven: What Dying Taught Me About Living,₹ 4403.7,Two,True
Big Magic: Creative Living Beyond Fear,₹ 3588.2,Three,True
Becoming Wise: An Inquiry into the Mystery and Art of Living,₹ 3195.59,Two,True
Beauty Restored (Riley Family Legacy Novellas #3),₹ 1294.31,Two,True
Batman: The Long Halloween (Batman),₹ 4252.25,Two,True
Batman: The Dark Knight Returns (Batman),₹ 1791.77,Five,True
Ayumi's Violin,₹ 1803.42,Two,True
Anonymous,₹ 5454.53,Four,True
Amy Meets the Saints and Sages,₹ 2150.59,Three,True
Amid the Chaos,₹ 4261.57,One,True
Amatus,₹ 5887.91,Five,True
Agnostic: A Spirited Manifesto,₹ 1457.41,Five,True
Zealot: The Life and Times of Jesus of Nazareth,₹ 2877.55,Three,True
You (You #1),₹ 5080.56,Five,True
"Wonder Woman: Earth One, Volume One (Wonder Woman: Earth One #1)",₹ 4350.11,Four,True
Wild Swans,₹ 1672.94,Two,True
Why the Right Went Wrong: Conservatism--From Goldwater to the Tea Party and Beyond,₹ 6133.72,Four,True
Whole Lotta Creativity Going On: 60 Fun and Unusual Exercises to Awaken and Strengthen Your Creativity,₹ 4450.3,Four,True
What's It Like in Space?: Stories from Astronauts Who've Been There,₹ 2283.4,Two,True
"We Are Robin, Vol. 1: The Vigilante Business (We Are Robin #1)",₹ 6279.35,One,True
Walt Disney's Alice in Wonderland,₹ 1509.84,Five,True
V for Vendetta (V for Vendetta Complete),₹ 4322.15,Four,True
Until Friday Night (The Field Party #1),₹ 5395.12,Two,True
"Unbroken: A World War II Story of Survival, Resilience, and Redemption",₹ 5353.18,Two,True
Twenty Yawns,₹ 2572.32,Two,True
Through the Woods,₹ 2956.77,Two,True
This Is Where It Ends,₹ 3159.48,Two,True
The Year of Magical Thinking,₹ 5014.16,Two,True
The Wright Brothers,₹ 6617.2,Four,True
The White Queen (The Cousins' War #1),₹ 3018.51,Five,True
The Wedding Pact (The O'Malleys #2),₹ 3799.07,Three,True
The Time Keeper,₹ 3248.02,Five,True
The Testament of Mary,₹ 6136.06,Four,True
The Star-Touched Queen,₹ 5361.33,Five,True
The Songs of the Gods,₹ 5181.92,Five,True
The Song of Achilles,₹ 4357.1,Five,True
The Rosie Project (Don Tillman #1),₹ 6295.66,One,True
The Power of Habit: Why We Do What We Do in Life and Business,₹ 1966.52,Three,True
The Marriage of Opposites,₹ 3271.32,Four,True
The Lucifer Effect: Understanding How Good People Turn Evil,₹ 1211.6,One,True
The Long Haul (Diary of a Wimpy Kid #9),₹ 5134.15,One,True
The Loney,₹ 2726.1,One,True
The Literature Book (Big Ideas Simply Explained),₹ 2030.6,Three,True
The Last Mile (Amos Decker #2),₹ 6315.47,Two,True
The Immortal Life of Henrietta Lacks,₹ 4738.06,Two,True
The Hidden Oracle (The Trials of Apollo #1),₹ 6088.29,Two,True
The Help Yourself Cookbook for Kids: 60 Easy Plant-Based Recipes Kids Can Make to Stay Healthy and Save the Earth,₹ 3351.7,Three,True
The Guilty (Will Robie #4),₹ 1610.03,Two,True
The First Hostage (J.B. Collins #2),₹ 3011.53,Three,True
The Dovekeepers,₹ 5682.87,One,True
The Darkest Lie,₹ 4118.28,Five,True
The Bane Chronicles (The Bane Chronicles #1-11),₹ 5211.05,Four,True
The Bad-Ass Librarians of Timbuktu: And Their Race to Save the Worldâs Most Precious Manuscripts,₹ 1837.2,One,True
The 14th Colony (Cotton Malone #11),₹ 4571.46,One,True
That Darkness (Gardiner and Renner #1),₹ 1621.68,One,True
Tastes Like Fear (DI Marnie Rome #3),₹ 1245.38,One,True
Take Me with You,₹ 5266.97,Three,True
Swell: A Year of Waves,₹ 5310.07,One,True
Superman Vol. 1: Before Truth (Superman by Gene Luen Yang #1),₹ 1385.19,Five,True
Still Life with Bread Crumbs,₹ 3076.76,Three,True
Steve Jobs,₹ 4601.75,Five,True
Sorting the Beef from the Bull: The Science of Food Fraud Forensics,₹ 5212.21,Four,True
Someone Like You (The Harrisons #2),₹ 6150.03,Five,True
"So Cute It Hurts!!, Vol. 6 (So Cute It Hurts!! #6)",₹ 4127.6,Four,True
Shtum,₹ 6505.36,Four,True
See America: A Celebration of Our National Parks & Treasured Sites,₹ 5693.35,Three,True
salt.,₹ 5449.87,Four,True
Robin War,₹ 5571.03,Three,True
"Red Hood/Arsenal, Vol. 1: Open for Business (Red Hood/Arsenal #1)",₹ 2968.42,Two,True
Rain Fish,₹ 2745.91,Three,True
"Quarter Life Poetry: Poems for the Young, Broke and Hangry",₹ 5928.69,Five,True
Pet Sematary,₹ 1230.24,Three,True
"Overload: How to Unplug, Unwind, and Unleash Yourself from the Pressure of Stress",₹ 6075.47,Three,True
Once Was a Time,₹ 2129.62,Two,True
Old School (Diary of a Wimpy Kid #10),₹ 1378.19,Five,True
No Dream Is Too High: Life Lessons From a Man Who Walked on the Moon,₹ 2557.17,Two,True
"Naruto (3-in-1 Edition), Vol. 14: Includes Vols. 40, 41 & 42 (Naruto: Omnibus #14)",₹ 4472.44,Two,True
My Name Is Lucy Barton,₹ 4841.74,One,True
My Mrs. Brown,₹ 2851.92,Three,True
My Kind of Crazy,₹ 4701.94,One,True
Mr. Mercedes (Bill Hodges Trilogy #1),₹ 3366.85,One,True
More Than Music (Chasing the Dream #1),₹ 4381.56,Two,True
Made to Stick: Why Some Ideas Survive and Others Die,₹ 4526.03,Five,True
Luis Paints the World,₹ 6285.18,Three,True
Luckiest Girl Alive,₹ 5805.19,Three,True
Lowriders to the Center of the Earth (Lowriders in Space #2),₹ 6000.91,Two,True
Love Is a Mix Tape (Music #1),₹ 2100.5,One,True
Looking for Lovely: Collecting the Moments that Matter,₹ 3394.81,Five,True
"Living Leadership by Insight: A Good Leader Achieves, a Great Leader Builds Monuments",₹ 5465.01,Four,True
Let It Out: A Journey Through Journaling,₹ 3121.03,Five,True
Lady Midnight (The Dark Artifices #1),₹ 1896.62,Five,True
"It's All Easy: Healthy, Delicious Weeknight Meals in under 30 Minutes",₹ 2277.58,One,True
Island of Dragons (Unwanteds #7),₹ 3454.22,One,True
I Know What I'm Doing -- and Other Lies I Tell Myself: Dispatches from a Life Under Construction,₹ 3026.67,Four,True
I Am Pilgrim (Pilgrim #1),₹ 1234.9,Four,True
"Hyperbole and a Half: Unfortunate Situations, Flawed Coping Mechanisms, Mayhem, and Other Things That Happened",₹ 1718.38,Five,True
"Hush, Hush (Hush, Hush #1)",₹ 5477.83,Three,True
Hold Your Breath (Search and Rescue #1),₹ 3357.53,One,True
Hamilton: The Revolution,₹ 6849.03,Three,True
Greek Mythic History,₹ 1191.8,Five,True
God: The Most Unpleasant Character in All Fiction,₹ 3498.5,Five,True
Glory over Everything: Beyond The Kitchen House,₹ 5340.36,Three,True
Feathers: Displays of Brilliant Plumage,₹ 5714.32,Three,True
"Far & Away: Places on the Brink of Change: Seven Continents, Twenty-Five Years",₹ 1754.49,Four,True
Every Last Word,₹ 5413.76,Three,True
Eligible (The Austen Project #4),₹ 3155.99,Three,True
El Deafo,₹ 6712.73,Five,True
Eight Hundred Grapes,₹ 1676.44,Four,True
"Eaternity: More than 150 Deliciously Easy Vegan Recipes for a Long, Healthy, Satisfied, Joyful Life",₹ 6028.88,Five,True
"Eat Fat, Get Thin",₹ 6299.15,Two,True
Don't Get Caught,₹ 6448.28,One,True
Doctor Sleep (The Shining #2),₹ 4673.98,Two,True
Demigods & Magicians: Percy and Annabeth Meet the Kanes (Percy Jackson & Kane Chronicles Crossover #1-3),₹ 4369.91,Five,True
Dear Mr. Knightley,₹ 1305.97,Five,True
Daily Fantasy Sports,₹ 4261.57,One,True
Crazy Love: Overwhelmed by a Relentless God,₹ 5559.38,Two,True
Cometh the Hour (The Clifton Chronicles #6),₹ 2913.66,Three,True
Code Name Verity (Code Name Verity #1),₹ 2578.14,Four,True
Clockwork Angel (The Infernal Devices #1),₹ 5142.31,One,True
City of Glass (The Mortal Instruments #3),₹ 6526.33,Four,True
City of Fallen Angels (The Mortal Instruments #4),₹ 1308.3,Four,True
City of Bones (The Mortal Instruments #1),₹ 5042.12,One,True
City of Ashes (The Mortal Instruments #2),₹ 5506.95,One,True
Cell,₹ 2363.78,Four,True
Catching Jordan (Hundred Oaks),₹ 5921.69,Three,True
"Carry On, Warrior: Thoughts on Life Unarmed",₹ 3710.53,Three,True
Carrie,₹ 5385.8,Two,True
Buying In: The Secret Dialogue Between What We Buy and Who We Are,₹ 4403.7,Four,True
Brain on Fire: My Month of Madness,₹ 5745.78,Five,True
Batman: Europa,₹ 3729.16,Two,True
Barefoot Contessa Back to Basics,₹ 3263.16,One,True
Barefoot Contessa at Home: Everyday Recipes You'll Make Over and Over Again,₹ 5897.23,Five,True
Balloon Animals,₹ 1984.0,Three,True
Art Ops Vol. 1,₹ 5685.2,Three,True
Aristotle and Dante Discover the Secrets of the Universe (Aristotle and Dante Discover the Secrets of the Universe #1),₹ 6773.31,Four,True
Angels Walking (Angels Walking #1),₹ 3984.3,Two,True
Angels & Demons (Robert Langdon #1),₹ 5997.42,Three,True
All the Light We Cannot See,₹ 3479.86,Five,True
"Adulthood Is a Myth: A ""Sarah's Scribbles"" Collection",₹ 1269.85,Two,True
Abstract City,₹ 6567.1,Five,True
A Time of Torment (Charlie Parker #14),₹ 5632.78,Five,True
A Study in Scarlet (Sherlock Holmes #1),₹ 1949.05,Two,True
"A Series of Catastrophes and Miracles: A True Story of Love, Science, and Cancer",₹ 6579.92,Two,True
A People's History of the United States,₹ 4752.03,Two,True
A Man Called Ove,₹ 4627.38,One,True
A Distant Mirror: The Calamitous 14th Century,₹ 1698.57,Three,True
A Brush of Wings (Angels Walking #3),₹ 6466.91,One,True
1491: New Revelations of the Americas Before Columbus,₹ 2539.7,Three,True
"The Three Searches, Meaning, and the Story",₹ 1552.94,Three,True
Searching for Meaning in Gailana,₹ 4512.05,One,True
Rook,₹ 4410.69,Four,True
My Kitchen Year: 136 Recipes That Saved My Life,₹ 1343.24,Two,True
13 Hours: The Inside Account of What Really Happened In Benghazi,₹ 3152.49,One,True
Will You Won't You Want Me?,₹ 1614.69,Three,True
Tipping Point for Planet Earth: How Close Are We to the Edge?,₹ 4374.57,One,True
The Star-Touched Queen,₹ 3762.95,Five,True
The Silent Sister (Riley MacPherson #1),₹ 5392.78,Five,True
The Midnight Watch: A Novel of the Titanic and the Californian,₹ 3052.3,One,True
The Lonely City: Adventures in the Art of Being Alone,₹ 3874.79,Two,True
The Gray Rhino: How to Recognize and Act on the Obvious Dangers We Ignore,₹ 6890.97,Four,True
The Golden Condom: And Other Essays on Love Lost and Found,₹ 4593.6,One,True
The Epidemic (The Program 0.6),₹ 1682.26,Five,True
The Dinner Party,₹ 6586.91,Two,True
The Diary of a Young Girl,₹ 6978.35,Three,True
The Children,₹ 1384.02,Three,True
Stars Above (The Lunar Chronicles #4.5),₹ 5597.82,Two,True
Snatched: How A Drug Queen Went Undercover for the DEA and Was Kidnapped By Colombian Guerillas,₹ 2470.97,Three,True
Raspberry Pi Electronics Projects for the Evil Genius,₹ 5786.56,Four,True
Quench Your Own Thirst: Business Lessons Learned Over a Beer or Two,₹ 5025.81,One,True
Psycho: Sanitarium (Psycho #1.5),₹ 4307.01,Five,True
Poisonous (Max Revere Novels #3),₹ 3122.2,Three,True
One with You (Crossfire #5),₹ 1830.22,Four,True
No Love Allowed (Dodge Cove #1),₹ 6366.72,Four,True
Murder at the 42nd Street Library (Raymond Ambler #1),₹ 6332.94,Four,True
Most Wanted,₹ 4110.12,Three,True
"Love, Lies and Spies",₹ 2394.08,Two,True
How to Speak Golf: An Illustrated Guide to Links Lingo,₹ 6794.28,Five,True
Hide Away (Eve Duncan #20),₹ 1379.36,One,True
Furiously Happy: A Funny Book About Horrible Things,₹ 4830.09,Four,True
Everyday Italian: 125 Simple and Delicious Recipes,₹ 2341.65,Five,True
Equal Is Unfair: America's Misguided Fight Against Income Inequality,₹ 6624.19,One,True
Eleanor & Park,₹ 6583.41,Five,True
Dirty (Dive Bar #1),₹ 4756.69,Four,True
Can You Keep a Secret? (Fear Street Relaunch #4),₹ 5666.56,One,True
Boar Island (Anna Pigeon #19),₹ 6929.42,Three,True
A Paris Apartment,₹ 4544.66,Four,True
"A la Mode: 120 Recipes in 60 Pairings: Pies, Tarts, Cakes, Crisps, and More Topped with Ice Cream, Gelato, Frozen Custard, and More",₹ 4516.7,One,True
Troublemaker: Surviving Hollywood and Scientology,₹ 5637.44,Two,True
The Widow,₹ 3175.79,Two,True
"The Sleep Revolution: Transforming Your Life, One Night at a Time",₹ 1360.72,Four,True
The Improbability of Love,₹ 6925.93,One,True
The Art of Startup Fundraising,₹ 2446.5,Three,True
Take Me Home Tonight (Rock Star Romance #3),₹ 6288.67,Three,True
Sleeping Giants (Themis Files #1),₹ 5678.21,One,True
"Setting the World on Fire: The Brief, Astonishing Life of St. Catherine of Siena",₹ 2463.97,Two,True
Playing with Fire,₹ 1597.22,Three,True
Off the Hook (Fishing for Trouble #1),₹ 5553.56,Three,True
Mothering Sunday,₹ 1554.11,Two,True
"Mother, Can You Not?",₹ 1967.69,Five,True
M Train,₹ 3166.47,One,True
Lilac Girls,₹ 2013.12,Two,True
Lies and Other Acts of Love,₹ 5258.81,One,True
Lab Girl,₹ 4759.03,One,True
Keep Me Posted,₹ 2383.59,Four,True
It Didn't Start with You: How Inherited Family Trauma Shapes Who We Are and How to End the Cycle,₹ 6555.45,Three,True
Grey (Fifty Shades #4),₹ 5649.09,Four,True
"Exit, Pursued by a Bear",₹ 5981.11,Four,True
Daredevils,₹ 1903.61,Three,True
Cravings: Recipes for What You Want to Eat,₹ 2388.25,Three,True
Born for This: How to Find the Work You Were Meant to Do,₹ 2515.24,Five,True
Arena,₹ 2488.44,Four,True
Adultery,₹ 2432.52,Five,True
A Mother's Reckoning: Living in the Aftermath of Tragedy,₹ 2275.25,Three,True
A Gentleman's Position (Society of Gentlemen #3),₹ 1718.38,Five,True
11/22/63,₹ 5647.92,Three,True
"10% Happier: How I Tamed the Voice in My Head, Reduced Stress Without Losing My Edge, and Found Self-Help That Actually Works",₹ 2862.41,Two,True
10-Day Green Smoothie Cleanse: Lose Up to 15 Pounds in 10 Days!,₹ 5791.22,Five,True
Without Shame,₹ 5623.45,Five,True
Watchmen,₹ 6762.82,Four,True
Unlimited Intuition Now,₹ 6858.35,Four,True
Underlying Notes,₹ 1377.03,Two,True
The Shack,₹ 3265.5,One,True
The New Brand You: Your New Image Makes the Sale for You,₹ 5131.82,Five,True
"The Moosewood Cookbook: Recipes from Moosewood Restaurant, Ithaca, New York",₹ 1437.61,Four,True
The Flowers Lied,₹ 1943.22,Two,True
"The Fabric of the Cosmos: Space, Time, and the Texture of Reality",₹ 6513.51,One,True
The Book of Mormon,₹ 2862.41,Three,True
The Art and Science of Low Carbohydrate Living,₹ 6172.17,Five,True
The Alien Club,₹ 6337.6,One,True
Suzie Snowflake: One beautiful flake (a self-esteem story),₹ 6385.37,Five,True
Nap-a-Roo,₹ 2921.82,One,True
"NaNo What Now? Finding your editing process, revising your NaNoWriMo book and building a writing career through publishing and beyond",₹ 1212.77,Four,True
Modern Day Fables,₹ 5526.76,Two,True
If I Gave You God's Phone Number....: Searching for Spirituality in America,₹ 2436.01,One,True
"Fruits Basket, Vol. 9 (Fruits Basket #9)",₹ 3955.18,Four,True
Dress Your Family in Corduroy and Denim,₹ 5088.72,Three,True
Don't Forget Steven,₹ 3871.29,One,True
Chernobyl 01:23:40: The Incredible True Story of the World's Worst Nuclear Disaster,₹ 4184.68,Two,True
Art and Fear: Observations on the Perils (and Rewards) of Artmaking,₹ 5665.4,Four,True
A Shard of Ice (The Black Symphony Saga #1),₹ 6597.4,Three,True
A Hero's Curse (The Unseen Chronicles #1),₹ 5882.09,Three,True
23 Degrees South: A Tropical Tale of Changing Whether...,₹ 4169.53,Two,True
"Zero to One: Notes on Startups, or How to Build the Future",₹ 3967.99,Three,True
Why Not Me?,₹ 2069.04,One,True
When Breath Becomes Air,₹ 4585.44,Two,True
Vagabonding: An Uncommon Guide to the Art of Long-Term World Travel,₹ 4303.51,Two,True
The Unlikely Pilgrimage of Harold Fry (Harold Fry #1),₹ 5081.73,Five,True
The New Drawing on the Right Side of the Brain,₹ 5011.83,Three,True
"The Midnight Assassin: Panic, Scandal, and the Hunt for America's First Serial Killer",₹ 3314.42,Four,True
The Martian (The Martian #1),₹ 4821.94,Two,True
The High Mountains of Portugal,₹ 5958.97,One,True
The Grownup,₹ 4180.02,One,True
The E-Myth Revisited: Why Most Small Businesses Don't Work and What to Do About It,₹ 4300.01,One,True
South of Sunshine,₹ 3370.34,One,True
Smarter Faster Better: The Secrets of Being Productive in Life and Business,₹ 4530.69,Five,True
Silence in the Dark (Logan Point #4),₹ 6795.44,Three,True
Shadows of the Past (Logan Point #1),₹ 4621.56,Five,True
Roller Girl,₹ 1642.65,Five,True
Rising Strong,₹ 2542.03,Three,True
Proofs of God: Classical Arguments from Tertullian to Barth,₹ 6315.47,One,True
Please Kill Me: The Uncensored Oral History of Punk,₹ 3633.64,Four,True
Out of Print: City Lights Spotlight No. 14,₹ 6249.06,Five,True
My Life Next Door (My Life Next Door ),₹ 4239.44,Five,True
Miller's Valley,₹ 6819.91,Two,True
Man's Search for Meaning,₹ 3434.42,Three,True
"Love That Boy: What Two Presidents, Eight Road Trips, and My Son Taught Me About a Parent's Expectations",₹ 2919.49,Two,True
Living Forward: A Proven Plan to Stop Drifting and Get the Life You Want,₹ 1462.08,Three,True
Les Fleurs du Mal,₹ 3383.16,Five,True
Left Behind (Left Behind #1),₹ 4743.88,Two,True
Kill 'Em and Leave: Searching for James Brown and the American Soul,₹ 5248.32,Five,True
Kierkegaard: A Christian Missionary to Christians,₹ 5490.65,One,True
John Vassos: Industrial Design for Modern Life,₹ 2355.63,Four,True
I'll Give You the Sun,₹ 6579.92,One,True
I Will Find You,₹ 5150.47,One,True
Hystopia: A Novel,₹ 2558.34,Four,True
Howl and Other Poems,₹ 4712.43,Two,True
History of Beauty,₹ 1198.78,Four,True
Heaven is for Real: A Little Boy's Astounding Story of His Trip to Heaven and Back,₹ 6158.19,Two,True
Future Shock (Future Shock #1),₹ 6483.22,Five,True
Ender's Game (The Ender Quintet #1),₹ 5084.06,One,True
Diary of a Citizen Scientist: Chasing Tiger Beetles and Other New Ways of Engaging the World,₹ 3309.76,One,True
Death by Leisure: A Cautionary Tale,₹ 4369.91,Four,True
Brilliant Beacons: A History of the American Lighthouse,₹ 1333.92,Three,True
Brazen: The Courage to Find the You That's Been Hiding,₹ 2239.13,Two,True
Between the World and Me,₹ 6630.01,Four,True
Being Mortal: Medicine and What Matters in the End,₹ 6414.49,Four,True
"A Murder Over a Girl: Justice, Gender, Junior High",₹ 1537.8,Three,True
32 Yolks,₹ 6247.9,Two,True
"""Most Blessed of the Patriarchs"": Thomas Jefferson and the Empire of the Imagination",₹ 5181.92,Five,True
You Are a Badass: How to Stop Doubting Your Greatness and Start Living an Awesome Life,₹ 1407.32,Three,True
Wildlife of New York: A Five-Borough Coloring Book,₹ 2579.31,Two,True
What Happened on Beale Street (Secrets of the South Mysteries #2),₹ 2955.61,Five,True
Unreasonable Hope: Finding Faith in the God Who Brings Purpose to Your Pain,₹ 5397.44,Two,True
Under the Tuscan Sun,₹ 4348.94,Three,True
Toddlers Are A**holes: It's Not Your Fault,₹ 2976.58,One,True
The Year of Living Biblically: One Man's Humble Quest to Follow the Bible as Literally as Possible,₹ 4044.88,One,True
The Whale,₹ 4189.34,Four,True
The Story of Art,₹ 4792.81,Four,True
The Origin of Species,₹ 1166.16,Four,True
The Great Gatsby,₹ 4199.82,Four,True
The Good Girl,₹ 5711.99,Three,True
The Glass Castle,₹ 1891.96,One,True
The Faith of Christopher Hitchens: The Restless Soul of the World's Most Notorious Atheist,₹ 4607.57,One,True
The Drowning Girls,₹ 4155.56,Three,True
The Constant Princess (The Tudor Court #1),₹ 1936.23,Three,True
The Bourne Identity (Jason Bourne #1),₹ 4983.87,Four,True
The Bachelor Girl's Guide to Murder (Herringford and Watts Mysteries #1),₹ 6092.95,Five,True
The Art Book,₹ 3767.61,Two,True
The 7 Habits of Highly Effective People: Powerful Lessons in Personal Change,₹ 3864.31,Four,True
Team of Rivals: The Political Genius of Abraham Lincoln,₹ 2343.98,Five,True
Steal Like an Artist: 10 Things Nobody Told You About Being Creative,₹ 2434.85,Two,True
"Sit, Stay, Love",₹ 2434.85,Three,True
Sister Dear,₹ 4683.3,Four,True
"Shrunken Treasures: Literary Classics, Short, Sweet, and Silly",₹ 6159.35,Three,True
"Rich Dad, Poor Dad",₹ 6027.71,One,True
Raymie Nightingale,₹ 4008.76,Two,True
Playing from the Heart,₹ 3772.27,One,True
Nightstruck: A Novel,₹ 5865.78,Four,True
"Naturally Lean: 125 Nourishing Gluten-Free, Plant-Based Recipes--All Under 300 Calories",₹ 1325.77,Five,True
Meternity,₹ 5077.07,Three,True
Memoirs of a Geisha,₹ 5786.56,Three,True
Like Never Before (Walker Family #2),₹ 3351.7,Two,True
Life of Pi,₹ 1540.13,Four,True
Leave This Song Behind: Teen Poetry at Its Best,₹ 5961.31,Five,True
King's Folly (The Kinsman Chronicles #1),₹ 4614.56,Five,True
John Adams,₹ 6690.6,Four,True
How to Cook Everything Vegetarian: Simple Meatless Recipes for Great Food (How to Cook Everything),₹ 5360.16,Four,True
How to Be a Domestic Goddess: Baking and the Art of Comfort Cooking,₹ 3291.12,Two,True
Good in Bed (Cannie Shapiro #1),₹ 4316.32,Five,True
"Fruits Basket, Vol. 7 (Fruits Basket #7)",₹ 2279.91,One,True
For the Love: Fighting for Grace in a World of Impossible Standards,₹ 5257.65,Three,True
Finding God in the Ruins: How God Redeems Pain,₹ 5433.56,Two,True
Every Heart a Doorway (Every Heart A Doorway #1),₹ 1416.64,Five,True
Delivering the Truth (Quaker Midwife Mystery #1),₹ 2433.68,Four,True
Counted With the Stars (Out from Egypt #1),₹ 2093.5,Five,True
"Chronicles, Vol. 1",₹ 6127.9,Two,True
Blue Like Jazz: Nonreligious Thoughts on Christian Spirituality,₹ 3002.2,One,True
Benjamin Franklin: An American Life,₹ 5614.13,Three,True
"At The Existentialist CafÃ©: Freedom, Being, and apricot cocktails with: Jean-Paul Sartre, Simone de Beauvoir, Albert Camus, Martin Heidegger, Edmund Husserl, Karl Jaspers, Maurice Merleau-Ponty and others",₹ 3486.84,Five,True
A Summer In Europe,₹ 5165.61,Two,True
A Short History of Nearly Everything,₹ 6104.6,Five,True
A Gathering of Shadows (Shades of Magic #2),₹ 5220.37,Four,True
The Sound Of Love,₹ 6738.36,Five,True
The Rise and Fall of the Third Reich: A History of Nazi Germany,₹ 4621.56,Two,True
The Perks of Being a Wallflower,₹ 6409.83,Three,True
The Mysterious Affair at Styles (Hercule Poirot #1),₹ 2889.2,Four,True
The Man Who Mistook His Wife for a Hat and Other Clinical Tales,₹ 6925.93,Four,True
The Makings of a Fatherless Child,₹ 3679.07,Two,True
The Joy of Cooking,₹ 5040.95,Four,True
The Invention of Wings,₹ 4350.11,One,True
The Hobbit (Middle-Earth Universe),₹ 2073.7,Five,True
The Great Railway Bazaar,₹ 3557.91,One,True
The Golden Compass (His Dark Materials #1),₹ 2186.7,One,True
The God Delusion,₹ 5458.03,Three,True
The Girl You Left Behind (The Girl You Left Behind #1),₹ 1839.53,One,True
The Fellowship of the Ring (The Lord of the Rings #1),₹ 1196.45,Two,True
The Collected Poems of W.B. Yeats (The Collected Works of W.B. Yeats #1),₹ 1796.43,Five,True
The Barefoot Contessa Cookbook,₹ 6980.68,Five,True
Tell the Wolves I'm Home,₹ 5936.84,Two,True
Ship Leaves Harbor: Essays on Travel by a Recovering Journeyman,₹ 3564.9,Three,True
Pride and Prejudice,₹ 2244.95,Four,True
Musicophilia: Tales of Music and the Brain,₹ 5426.57,One,True
Mere Christianity,₹ 5651.41,Three,True
Me Before You (Me Before You #1),₹ 2215.83,One,True
In the Woods (Dublin Murder Squad #1),₹ 4471.27,Two,True
In Cold Blood,₹ 5822.67,Four,True
How to Stop Worrying and Start Living,₹ 5416.09,Five,True
Give It Back,₹ 2134.28,Two,True
"Girl, Interrupted",₹ 4909.31,Three,True
Fun Home: A Family Tragicomic,₹ 6592.74,Four,True
"Fruits Basket, Vol. 6 (Fruits Basket #6)",₹ 2441.84,Four,True
Deception Point,₹ 4697.28,Four,True
"Death Note, Vol. 6: Give-and-Take (Death Note #6)",₹ 4239.44,Three,True
Catherine the Great: Portrait of a Woman,₹ 6821.07,Four,True
Better Homes and Gardens New Cook Book,₹ 4614.56,Three,True
An Unquiet Mind: A Memoir of Moods and Madness,₹ 2481.45,Three,True
A Year in Provence (Provence #1),₹ 6626.52,Four,True
World Without End (The Pillars of the Earth #2),₹ 3841.0,Four,True
"Will Grayson, Will Grayson (Will Grayson, Will Grayson)",₹ 5511.62,Four,True
Why Save the Bankers?: And Other Essays on Our Economic and Political Crisis,₹ 5670.06,Two,True
Where She Went (If I Stay #2),₹ 4861.55,Four,True
What If?: Serious Scientific Answers to Absurd Hypothetical Questions,₹ 6253.72,Four,True
Two Summers,₹ 1705.56,One,True
This Is Your Brain on Music: The Science of a Human Obsession,₹ 4473.6,One,True
The Secret Garden,₹ 1756.82,Four,True
The Raven King (The Raven Cycle #4),₹ 3561.41,Two,True
The Raven Boys (The Raven Cycle #1),₹ 6726.71,Four,True
The Power Greens Cookbook: 140 Delicious Superfood Recipes,₹ 1287.33,Five,True
The Metamorphosis,₹ 3329.57,One,True
The Mathews Men: Seven Brothers and the War Against Hitler's U-boats,₹ 4999.01,Five,True
The Little Paris Bookshop,₹ 2881.05,Three,True
The Hiding Place,₹ 6513.51,Four,True
The Grand Design,₹ 1603.04,Three,True
The Firm,₹ 5307.74,Three,True
The Fault in Our Stars,₹ 5501.13,One,True
The False Prince (The Ascendance Trilogy #1),₹ 6524.0,Five,True
The Expatriates,₹ 5193.57,Two,True
The Dream Thieves (The Raven Cycle #2),₹ 4019.25,One,True
The Darkest Corners,₹ 1319.94,Five,True
The Crossover,₹ 4516.7,Four,True
The 5th Wave (The 5th Wave #1),₹ 1378.19,Two,True
Tell the Wind and Fire,₹ 5301.91,Three,True
Tell Me Three Things,₹ 4870.87,One,True
Talking to Girls About Duran Duran: One Young Man's Quest for True Love and a Cooler Haircut,₹ 2929.97,Four,True
Siddhartha,₹ 3986.63,Five,True
Shiver (The Wolves of Mercy Falls #1),₹ 1890.8,Five,True
Remember Me?,₹ 1337.42,Three,True
Red Dragon (Hannibal Lecter #1),₹ 2722.61,Three,True
Peak: Secrets from the New Science of Expertise,₹ 1896.62,Two,True
My Mother Was Nuts,₹ 3684.89,Four,True
Mexican Today: New and Rediscovered Recipes for Contemporary Kitchens,₹ 2902.01,Five,True
Maybe Something Beautiful: How Art Transformed a Neighborhood,₹ 2625.91,One,True
Lola and the Boy Next Door (Anna and the French Kiss #2),₹ 2752.89,Four,True
Logan Kade (Fallen Crest High #5.5),₹ 1528.48,Two,True
Last One Home (New Beginnings #1),₹ 6987.67,Three,True
Killing Floor (Jack Reacher #1),₹ 3668.59,Four,True
Kill the Boy Band,₹ 1808.08,Five,True
Isla and the Happily Ever After (Anna and the French Kiss #3),₹ 5607.15,Five,True
If I Stay (If I Stay #1),₹ 4442.15,Five,True
I Know Why the Caged Bird Sings (Maya Angelou's Autobiography #1),₹ 4258.07,Two,True
Harry Potter and the Deathly Hallows (Harry Potter #7),₹ 2716.78,One,True
"Fruits Basket, Vol. 5 (Fruits Basket #5)",₹ 1902.44,One,True
Foundation (Foundation (Publication Order) #1),₹ 3776.93,One,True
Fool Me Once,₹ 1975.84,One,True
Find Her (Detective D.D. Warren #8),₹ 2606.11,One,True
Evicted: Poverty and Profit in the American City,₹ 4924.45,One,True
Drama,₹ 4508.55,Two,True
Dracula the Un-Dead,₹ 4150.9,Five,True
Digital Fortress,₹ 6757.0,Five,True
"Death Note, Vol. 5: Whiteout (Death Note #5)",₹ 6105.76,One,True
"Data, A Love Story: How I Gamed Online Dating to Meet My Match",₹ 3768.78,Three,True
Critique of Pure Reason,₹ 2417.38,One,True
Booked,₹ 2037.58,Five,True
"Blue Lily, Lily Blue (The Raven Cycle #3)",₹ 3976.15,Five,True
Approval Junkie: Adventures in Caring Too Much,₹ 6851.37,Five,True
An Abundance of Katherines,₹ 1165.0,Five,True
America's War for the Greater Middle East: A Military History,₹ 5967.13,Two,True
Alight (The Generations Trilogy #2),₹ 6825.74,Four,True
A Girl's Guide to Moving On (New Beginnings #2),₹ 3646.45,One,True
A Game of Thrones (A Song of Ice and Fire #1),₹ 5407.93,Two,True
A Feast for Crows (A Song of Ice and Fire #4),₹ 2004.97,Four,True
A Clash of Kings (A Song of Ice and Fire #2),₹ 1257.03,Three,True
Vogue Colors A to Z: A Fashion Coloring Book,₹ 6098.78,Four,True
The Shining (The Shining #1),₹ 3248.02,Three,True
The Pilgrim's Progress,₹ 5855.29,Two,True
The Perfect Play (Play by Play #1),₹ 6988.84,Three,True
The Passion of Dolssa,₹ 3299.28,Five,True
The Jazz of Physics: The Secret Link Between Music and the Structure of the Universe,₹ 4509.72,Three,True
The Hunger Games (The Hunger Games #1),₹ 3477.53,Five,True
The Hound of the Baskervilles (Sherlock Holmes #5),₹ 1726.53,Two,True
The Gunning of America: Business and the Making of American Gun Culture,₹ 1958.36,Four,True
The Geography of Bliss: One Grump's Search for the Happiest Places in the World,₹ 3288.8,Two,True
The Demonists (Demonist #1),₹ 6070.81,Two,True
"The Demon Prince of Momochi House, Vol. 4 (The Demon Prince of Momochi House #4)",₹ 3248.02,Two,True
The Bone Hunters (Lexy Vaughan & Steven Macaulay #2),₹ 6956.22,Three,True
The Beast (Black Dagger Brotherhood #14),₹ 5368.32,Five,True
Some Women,₹ 1599.55,Five,True
Shopaholic Ties the Knot (Shopaholic #3),₹ 5637.44,Five,True
Paper and Fire (The Great Library #2),₹ 5760.93,Five,True
Outlander (Outlander #1),₹ 2291.56,Five,True
"Orchestra of Exiles: The Story of Bronislaw Huberman, the Israel Philharmonic, and the One Thousand Jews He Saved from Nazi Horrors",₹ 1439.94,Three,True
No One Here Gets Out Alive,₹ 2332.33,Five,True
Night Shift (Night Shift #1-20),₹ 1485.38,Four,True
Needful Things,₹ 5534.91,Four,True
Mockingjay (The Hunger Games #3),₹ 2381.26,Four,True
Misery,₹ 4053.03,Two,True
Little Women (Little Women #1),₹ 3270.16,Four,True
It,₹ 2913.66,Three,True
Harry Potter and the Sorcerer's Stone (Harry Potter #1),₹ 1619.35,Three,True
Harry Potter and the Prisoner of Azkaban (Harry Potter #3),₹ 2815.81,Four,True
Harry Potter and the Order of the Phoenix (Harry Potter #5),₹ 3684.89,Four,True
Harry Potter and the Half-Blood Prince (Harry Potter #6),₹ 5679.38,Five,True
Harry Potter and the Chamber of Secrets (Harry Potter #2),₹ 1717.21,One,True
Gone with the Wind,₹ 3785.09,Three,True
God Is Not Great: How Religion Poisons Everything,₹ 3238.7,One,True
Girl With a Pearl Earring,₹ 3118.7,One,True
"Fruits Basket, Vol. 4 (Fruits Basket #4)",₹ 5876.26,Four,True
Far From True (Promise Falls Trilogy #2),₹ 4069.34,Two,True
Dark Lover (Black Dagger Brotherhood #1),₹ 1499.36,One,True
Confessions of a Shopaholic (Shopaholic #1),₹ 5701.51,Two,True
Changing the Game (Play by Play #2),₹ 1558.77,Three,True
Candide,₹ 6830.4,Three,True
Can You Keep a Secret?,₹ 2556.01,One,True
Atlas Shrugged,₹ 3096.57,Five,True
Animal Farm,₹ 6666.13,Three,True
A Walk to Remember,₹ 6574.1,One,True
A New Earth: Awakening to Your Life's Purpose,₹ 6483.22,Five,True
"A History of God: The 4,000-Year Quest of Judaism, Christianity, and Islam",₹ 3217.73,One,True
'Salem's Lot,₹ 5773.74,Four,True
Zero History (Blue Ant #3),₹ 4050.71,One,True
Wuthering Heights,₹ 2065.55,Three,True
World War Z: An Oral History of the Zombie War,₹ 2539.7,One,True
Wild: From Lost to Found on the Pacific Crest Trail,₹ 5361.33,Three,True
"Where'd You Go, Bernadette",₹ 2112.14,One,True
When You Are Engulfed in Flames,₹ 3598.68,Five,True
We the People: The Modern-Day Figures Who Have Reshaped and Affirmed the Founding Fathers' Vision of America,₹ 3722.17,Three,True
We Are All Completely Beside Ourselves,₹ 2800.66,One,True
Walk the Edge (Thunder Road #2),₹ 3769.94,Three,True
Voyager (Outlander #3),₹ 2454.66,Five,True
Very Good Lives: The Fringe Benefits of Failure and the Importance of Imagination,₹ 5901.89,Three,True
Vegan Vegetarian Omnivore: Dinner for Everyone at the Table,₹ 1591.39,Two,True
"Unstuffed: Decluttering Your Home, Mind, and Soul",₹ 6767.49,One,True
Under the Banner of Heaven: A Story of Violent Faith,₹ 3495.0,One,True
Two Boys Kissing,₹ 3814.21,Two,True
Twilight (Twilight #1),₹ 4884.85,Two,True
Twenties Girl,₹ 4986.2,Two,True
"Trespassing Across America: One Man's Epic, Never-Done-Before (and Sort of Illegal) Hike Across the Heartland",₹ 6233.91,One,True
Three-Martini Lunch,₹ 2703.97,Three,True
"Thinking, Fast and Slow",₹ 2462.81,One,True
The Wild Robot,₹ 6532.15,Three,True
"The Wicked + The Divine, Vol. 3: Commercial Suicide (The Wicked + The Divine)",₹ 1678.77,Three,True
The Undomestic Goddess,₹ 5329.88,Four,True
The Travelers,₹ 1837.2,One,True
The Tipping Point: How Little Things Can Make a Big Difference,₹ 1167.33,Two,True
The Thing About Jellyfish,₹ 5681.7,One,True
The Stand,₹ 6740.69,Two,True
The Smitten Kitchen Cookbook,₹ 2748.24,One,True
The Silkworm (Cormoran Strike #2),₹ 2685.33,Five,True
"The Sandman, Vol. 3: Dream Country (The Sandman (volumes) #3)",₹ 6471.57,Five,True
The Rose & the Dagger (The Wrath and the Dawn #2),₹ 6831.56,Four,True
The Road to Little Dribbling: Adventures of an American in Britain (Notes From a Small Island #2),₹ 2703.97,One,True
The Rise of Theodore Roosevelt (Theodore Roosevelt #1),₹ 4959.4,Three,True
The Restaurant at the End of the Universe (Hitchhiker's Guide to the Galaxy #2),₹ 1272.18,One,True
The Rest Is Noise: Listening to the Twentieth Century,₹ 4050.71,One,True
The Red Tent,₹ 4154.39,Five,True
The Purpose Driven Life: What on Earth Am I Here for?,₹ 4332.63,Three,True
The Purest Hook (Second Circle Tattoos #3),₹ 1427.12,One,True
The Picture of Dorian Gray,₹ 3460.05,Two,True
The Paris Wife,₹ 4287.2,Three,True
The Obsession,₹ 5292.6,One,True
The Nightingale,₹ 3059.29,Four,True
The New Guy (and Other Senior Year Distractions),₹ 5233.18,Three,True
The Nanny Diaries (Nanny #1),₹ 6119.74,Five,True
The Name of God is Mercy,₹ 4339.62,Two,True
The Maze Runner (The Maze Runner #1),₹ 2438.34,One,True
The Lover's Dictionary,₹ 6767.49,Two,True
The Lonely Ones,₹ 5078.24,Five,True
The Lean Startup: How Today's Entrepreneurs Use Continuous Innovation to Create Radically Successful Businesses,₹ 3951.68,Three,True
The Last Painting of Sara de Vos,₹ 6471.57,Two,True
"The Land of 10,000 Madonnas",₹ 3453.06,Four,True
The Infinities,₹ 3193.26,One,True
The Husband's Secret,₹ 6117.41,Five,True
The Hitchhiker's Guide to the Galaxy (Hitchhiker's Guide to the Galaxy #1),₹ 5568.7,Three,True
The Guns of August,₹ 1693.91,Two,True
The Guernsey Literary and Potato Peel Pie Society,₹ 5770.24,One,True
The Goldfinch,₹ 5077.07,Three,True
The Giver (The Giver Quartet #1),₹ 1432.95,One,True
The Girl with All the Gifts,₹ 5763.26,Three,True
The Girl Who Played with Fire (Millennium Trilogy #2),₹ 2579.31,Two,True
The Girl Who Kicked the Hornet's Nest (Millennium Trilogy #3),₹ 6696.42,One,True
The Exiled,₹ 5061.93,Three,True
"The End of Faith: Religion, Terror, and the Future of Reason",₹ 2578.14,Four,True
"The Elegant Universe: Superstrings, Hidden Dimensions, and the Quest for the Ultimate Theory",₹ 1517.99,Four,True
"The Disappearing Spoon: And Other True Tales of Madness, Love, and the History of the World from the Periodic Table of the Elements",₹ 6681.28,Five,True
The Devil Wears Prada (The Devil Wears Prada #1),₹ 5159.78,One,True
The Demon-Haunted World: Science as a Candle in the Dark,₹ 6087.12,Four,True
The Day the Crayons Came Home (Crayons),₹ 3067.44,Five,True
The Da Vinci Code (Robert Langdon #2),₹ 2674.84,Two,True
The Cuckoo's Calling (Cormoran Strike #1),₹ 2237.97,One,True
The Complete Stories and Poems (The Works of Edgar Allan Poe [Cameo Edition]),₹ 3119.87,Four,True
The Complete Poems,₹ 4813.78,Five,True
The Catcher in the Rye,₹ 2860.08,One,True
The Cat in the Hat (Beginner Books B-1),₹ 1894.29,Two,True
The Case for Christ (Cases for Christianity),₹ 5573.36,One,True
The Book Thief,₹ 6231.59,Two,True
The Book of Basketball: The NBA According to The Sports Guy,₹ 5223.86,Five,True
The Blind Side: Evolution of a Game,₹ 6257.22,Five,True
The Autobiography of Malcolm X,₹ 2729.59,Two,True
"The Art of Simple Food: Notes, Lessons, and Recipes from a Delicious Revolution",₹ 3998.28,Three,True
The Art of Fielding,₹ 2574.65,One,True
"Surely You're Joking, Mr. Feynman!: Adventures of a Curious Character",₹ 3009.19,Two,True
Stiff: The Curious Lives of Human Cadavers,₹ 4280.21,Three,True
Spilled Milk: Based on a True Story,₹ 5767.91,One,True
Something Borrowed (Darcy & Rachel #1),₹ 5703.84,Five,True
Something Blue (Darcy & Rachel #2),₹ 6363.23,One,True
Soldier (Talon #3),₹ 2879.88,Two,True
Shopaholic & Baby (Shopaholic #5),₹ 5411.43,Two,True
Seven Days in the Art World,₹ 6096.44,Two,True
Seven Brief Lessons on Physics,₹ 3564.9,Four,True
Scarlet (The Lunar Chronicles #2),₹ 1697.4,Four,True
Sarah's Key,₹ 5392.78,One,True
"Saga, Volume 3 (Saga (Collected Editions) #3)",₹ 2512.91,Five,True
Running with Scissors,₹ 1504.02,Four,True
Rogue Lawyer (Rogue Lawyer #1),₹ 5837.81,Three,True
"Rise of the Rocket Girls: The Women Who Propelled Us, from Missiles to the Moon to Mars",₹ 4854.56,Four,True
Rework,₹ 5228.52,Two,True
Reservations for Two,₹ 1293.15,Three,True
Red: The True Story of Red Riding Hood,₹ 3324.91,Three,True
Ready Player One,₹ 2221.66,Four,True
Quiet: The Power of Introverts in a World That Can't Stop Talking,₹ 5073.57,One,True
Prodigy: The Graphic Novel (Legend: The Graphic Novel #2),₹ 5082.9,Three,True
Persepolis: The Story of a Childhood (Persepolis #1-2),₹ 4558.65,One,True
Packing for Mars: The Curious Science of Life in the Void,₹ 6603.22,Two,True
Outliers: The Story of Success,₹ 1649.64,One,True
Original Fake,₹ 3663.92,Three,True
Orange Is the New Black,₹ 2867.07,Two,True
One for the Money (Stephanie Plum #1),₹ 3829.35,Two,True
Notes from a Small Island (Notes From a Small Island #1),₹ 4679.81,One,True
Night (The Night Trilogy #1),₹ 1573.91,One,True
Neither Here nor There: Travels in Europe,₹ 4537.68,Three,True
Naked,₹ 3691.89,Three,True
Morning Star (Red Rising #3),₹ 3425.1,One,True
"Miracles from Heaven: A Little Girl, Her Journey to Heaven, and Her Amazing Story of Healing",₹ 6737.19,One,True
Midnight Riot (Peter Grant/ Rivers of London - books #1),₹ 6461.09,Two,True
Me Talk Pretty One Day,₹ 6710.4,Two,True
Manuscript Found in Accra,₹ 4075.17,Two,True
Lust & Wonder,₹ 1382.86,Two,True
Lila (Gilead #3),₹ 1452.76,Three,True
"Life, the Universe and Everything (Hitchhiker's Guide to the Galaxy #3)",₹ 3874.79,Two,True
Life Without a Recipe,₹ 6878.16,Five,True
Life After Life,₹ 3044.14,Two,True
Letter to a Christian Nation,₹ 2586.3,One,True
Let's Pretend This Never Happened: A Mostly True Memoir,₹ 5255.31,One,True
Legend (Legend #1),₹ 5089.88,Four,True
"Lean In: Women, Work, and the Will to Lead",₹ 2914.83,One,True
"Lamb: The Gospel According to Biff, Christ's Childhood Pal",₹ 6465.75,Five,True
Lady Renegades (Rebel Belle #3),₹ 6179.16,Five,True
Jurassic Park (Jurassic Park #1),₹ 5239.01,One,True
It's Never Too Late to Begin Again: Discovering Creativity and Meaning at Midlife and Beyond,₹ 4937.27,One,True
Is Everyone Hanging Out Without Me? (And Other Concerns),₹ 2342.82,Three,True
Into the Wild,₹ 6605.55,Five,True
Inferno (Robert Langdon #4),₹ 4776.5,Five,True
"In the Garden of Beasts: Love, Terror, and an American Family in Hitler's Berlin",₹ 3361.03,Three,True
If I Run (If I Run #1),₹ 5821.51,Four,True
I've Got Your Number,₹ 2293.89,One,True
I Am Malala: The Girl Who Stood Up for Education and Was Shot by the Taliban,₹ 3364.52,Two,True
Hungry Girl Clean & Hungry: Easy All-Natural Recipes for Healthy Eating in the Real World,₹ 3860.81,Three,True
"House of Lost Worlds: Dinosaurs, Dynasties, and the Story of Life on Earth",₹ 5091.05,Two,True
House of Leaves,₹ 6394.69,One,True
Horrible Bear!,₹ 4371.08,Two,True
Holidays on Ice,₹ 5949.65,Two,True
Heir to the Sky,₹ 5134.15,Four,True
Green Eggs and Ham (Beginner Books B-16),₹ 1257.03,Four,True
"Grayson, Vol 3: Nemesis (Grayson #3)",₹ 4976.88,One,True
Gratitude,₹ 3105.89,Five,True
Gone Girl,₹ 4380.4,Five,True
Golden (Heart of Dread #3),₹ 4917.47,Four,True
Girl in the Blue Coat,₹ 5455.69,Two,True
"Fruits Basket, Vol. 3 (Fruits Basket #3)",₹ 5262.31,Two,True
"Friday Night Lights: A Town, a Team, and a Dream",₹ 5967.13,Three,True
Fire Bound (Sea Haven/Sisters of the Heart #5),₹ 2479.12,Four,True
Fifty Shades Freed (Fifty Shades #3),₹ 1789.44,Five,True
Fellside,₹ 4499.23,One,True
Extreme Prey (Lucas Davenport #26),₹ 2959.1,Three,True
Eragon (The Inheritance Cycle #1),₹ 5110.85,Three,True
Eclipse (Twilight #3),₹ 2183.21,One,True
Dune (Dune #1),₹ 6391.19,One,True
Dracula,₹ 6130.23,Three,True
Do Androids Dream of Electric Sheep? (Blade Runner #1),₹ 5997.42,One,True
Disrupted: My Misadventure in the Start-Up Bubble,₹ 1780.12,Five,True
Dead Wake: The Last Crossing of the Lusitania,₹ 4571.46,Five,True
"David and Goliath: Underdogs, Misfits, and the Art of Battling Giants",₹ 2074.86,One,True
Darkfever (Fever #1),₹ 6526.33,One,True
Dark Places,₹ 2784.35,Five,True
Crazy Rich Asians (Crazy Rich Asians #1),₹ 5723.65,Five,True
Counting Thyme,₹ 1237.23,One,True
Cosmos,₹ 4213.81,Two,True
Civilization and Its Discontents,₹ 6984.18,Two,True
Cinder (The Lunar Chronicles #1),₹ 3039.49,One,True
Catastrophic Happiness: Finding Joy in Childhood's Messy Years,₹ 4351.28,Two,True
Career of Evil (Cormoran Strike #3),₹ 2879.88,Two,True
Breaking Dawn (Twilight #4),₹ 4110.12,Five,True
Brave Enough,₹ 5978.78,Five,True
Boy Meets Boy,₹ 2460.48,Three,True
"Born to Run: A Hidden Tribe, Superathletes, and the Greatest Race the World Has Never Seen",₹ 3186.28,Two,True
Blink: The Power of Thinking Without Thinking,₹ 2532.71,Five,True
Black Flags: The Rise of ISIS,₹ 4761.35,One,True
"Black Butler, Vol. 1 (Black Butler #1)",₹ 5744.62,One,True
Big Little Lies,₹ 2575.82,One,True
Between Shades of Gray,₹ 2422.03,Five,True
Best of My Love (Fool's Gold #20),₹ 3193.26,Two,True
Beowulf,₹ 4467.78,Two,True
Beautiful Creatures (Caster Chronicles #1),₹ 2510.58,Five,True
Awkward,₹ 4429.33,Two,True
Ash,₹ 2569.99,Four,True
Are We There Yet?,₹ 1241.89,Three,True
Are We Smart Enough to Know How Smart Animals Are?,₹ 6591.57,One,True
Annie on My Mind,₹ 4290.69,Five,True
And Then There Were None,₹ 4078.66,Two,True
A Walk in the Woods: Rediscovering America on the Appalachian Trail,₹ 3550.92,Four,True
A Visit from the Goon Squad,₹ 1640.32,Five,True
A Storm of Swords (A Song of Ice and Fire #3),₹ 3637.13,Two,True
A Heartbreaking Work of Staggering Genius,₹ 6324.78,Five,True
8 Keys to Mental Health Through Exercise,₹ 3616.16,One,True
#GIRLBOSS,₹ 5936.84,One,True
"The Suffragettes (Little Black Classics, #96)",₹ 1385.19,Two,True
The Sense of an Ending,₹ 3655.77,Three,True
"The Sandman, Vol. 2: The Doll's House (The Sandman (volumes) #2)",₹ 6385.37,One,True
The Course of Love,₹ 1954.87,Three,True
Sugar Rush (Offensive Line #2),₹ 2844.93,One,True
"Saga, Volume 2 (Saga (Collected Editions) #2)",₹ 1368.88,Three,True
"Run, Spot, Run: The Ethics of Keeping Pets",₹ 2332.33,One,True
New Moon (Twilight #2),₹ 1498.19,Four,True
Life,₹ 3679.07,Five,True
Kindle Paperwhite User's Guide,₹ 3961.0,Three,True
H is for Hawk,₹ 6689.43,Five,True
Girl Online On Tour (Girl Online #2),₹ 6229.26,One,True
"Fruits Basket, Vol. 2 (Fruits Basket #2)",₹ 1356.06,Five,True
Diary of a Minecraft Zombie Book 1: A Scare of a Dare (An Unofficial Minecraft Book),₹ 6160.52,Four,True
"Y: The Last Man, Vol. 1: Unmanned (Y: The Last Man #1)",₹ 2156.41,Four,True
While You Were Mine,₹ 4813.78,Five,True
Where Lightning Strikes (Bleeding Stars #3),₹ 4633.2,Three,True
When I'm Gone,₹ 6053.34,Three,True
Ways of Seeing,₹ 4602.91,Five,True
"Vampire Knight, Vol. 1 (Vampire Knight #1)",₹ 1794.1,One,True
Vampire Girl (Vampire Girl #1),₹ 6270.03,Two,True
Twenty Love Poems and a Song of Despair,₹ 3605.67,Four,True
Travels with Charley: In Search of America,₹ 6736.03,Five,True
Three Wishes (River of Time: California #1),₹ 5146.97,Two,True
This One Moment (Pushing Limits #1),₹ 5674.72,One,True
The Zombie Room,₹ 2293.89,Five,True
"The Wicked + The Divine, Vol. 1: The Faust Act (The Wicked + The Divine)",₹ 4254.58,Two,True
The Tumor,₹ 4841.74,Five,True
The Story of Hong Gildong,₹ 5031.63,Four,True
The Silent Wife,₹ 1437.61,Five,True
The Silent Twin (Detective Jennifer Knight #3),₹ 4223.12,Three,True
The Selfish Gene,₹ 3430.92,One,True
The Secret Healer,₹ 4026.24,Three,True
"The Sandman, Vol. 1: Preludes and Nocturnes (The Sandman (volumes) #1)",₹ 6304.98,Three,True
The Republic,₹ 3935.37,Three,True
The Odyssey,₹ 3453.06,Three,True
The No. 1 Ladies' Detective Agency (No. 1 Ladies' Detective Agency #1),₹ 6722.05,Four,True
The Nicomachean Ethics,₹ 4233.61,One,True
The Name of the Wind (The Kingkiller Chronicle #1),₹ 5893.74,Three,True
The Mirror & the Maze (The Wrath and the Dawn #1.5),₹ 3422.77,One,True
The Little Prince,₹ 5291.43,Two,True
The Light of the Fireflies,₹ 6341.1,One,True
The Last Girl (The Dominion Trilogy #1),₹ 4224.29,Two,True
The Iliad,₹ 1882.64,One,True
The Hook Up (Game On #1),₹ 4227.78,Five,True
The Haters,₹ 3249.18,Five,True
The Girl You Lost,₹ 1431.78,Five,True
The Girl In The Ice (DCI Erika Foster #1),₹ 1846.52,Three,True
The End of the Jesus Era (An Investigation #1),₹ 1677.6,One,True
The Edge of Reason (Bridget Jones #2),₹ 2234.47,Four,True
The Complete Maus (Maus #1-2),₹ 1239.56,Three,True
The Communist Manifesto,₹ 1719.54,Three,True
The Bhagavad Gita,₹ 6697.59,Three,True
The Bette Davis Club,₹ 3571.89,Three,True
The Art of Not Breathing,₹ 4756.69,Four,True
Taking Shots (Assassins #1),₹ 2199.52,Two,True
Starlark,₹ 3009.19,Three,True
"Skip Beat!, Vol. 01 (Skip Beat! #1)",₹ 4906.98,Three,True
Sister Sable (The Mad Queen #1),₹ 1552.94,Three,True
Shatter Me (Shatter Me #1),₹ 4939.6,One,True
Shameless,₹ 6797.78,Three,True
Shadow Rites (Jane Yellowrock #10),₹ 2530.38,Four,True
Settling the Score (The Summer Games #1),₹ 5232.01,Two,True
Sense and Sensibility,₹ 4364.09,One,True
"Saga, Volume 1 (Saga (Collected Editions) #1)",₹ 3317.92,One,True
"Rhythm, Chord & Malykhin",₹ 3301.61,Two,True
"Rat Queens, Vol. 1: Sass & Sorcery (Rat Queens (Collected Editions) #1-5)",₹ 5470.84,Five,True
Paradise Lost (Paradise #1),₹ 2907.84,One,True
"Paper Girls, Vol. 1 (Paper Girls #1-5)",₹ 2529.22,Four,True
"Ouran High School Host Club, Vol. 1 (Ouran High School Host Club #1)",₹ 3479.86,Three,True
Origins (Alphas 0.5),₹ 3377.34,One,True
One Second (Seven #7),₹ 6167.51,Two,True
On the Road (Duluoz Legend),₹ 3769.94,Three,True
Old Records Never Die: One Man's Quest for His Vinyl and His Past,₹ 6484.39,Two,True
Off Sides (Off #1),₹ 4595.93,Five,True
Of Mice and Men,₹ 5488.31,Two,True
Myriad (Prentor #1),₹ 6844.38,Four,True
My Perfect Mistake (Over the Top #1),₹ 4534.18,Two,True
"Ms. Marvel, Vol. 1: No Normal (Ms. Marvel (2014-2015) #1)",₹ 4588.94,Four,True
Meditations,₹ 3016.18,Two,True
Matilda,₹ 3301.61,One,True
Lost Among the Living,₹ 3227.05,Four,True
Lord of the Flies,₹ 2899.68,Three,True
Listen to Me (Fusion #1),₹ 6872.34,Three,True
Kitchens of the Great Midwest,₹ 6663.8,Five,True
Jane Eyre,₹ 4477.1,Five,True
Imperfect Harmony,₹ 4047.21,Four,True
Icing (Aces Hockey #2),₹ 4711.26,Four,True
"Hawkeye, Vol. 1: My Life as a Weapon (Hawkeye #1)",₹ 5270.46,Three,True
Having the Barbarian's Baby (Ice Planet Barbarians #7.5),₹ 4072.84,Four,True
"Giant Days, Vol. 1 (Giant Days #1-4)",₹ 6612.54,Four,True
"Fruits Basket, Vol. 1 (Fruits Basket #1)",₹ 4692.62,Five,True
Frankenstein,₹ 4427.0,Two,True
Forever Rockers (The Rocker #12),₹ 3355.2,Three,True
Fighting Fate (Fighting #6),₹ 4571.46,Three,True
Emma,₹ 3836.34,Two,True
"Eat, Pray, Love",₹ 5978.78,Three,True
Deep Under (Walker Security #1),₹ 5485.99,Five,True
Choosing Our Religion: The Spiritual Lives of America's Nones,₹ 3310.93,Four,True
Charlie and the Chocolate Factory (Charlie Bucket #1),₹ 2662.03,Three,True
Charity's Cross (Charles Towne Belles #4),₹ 4804.46,One,True
Bright Lines,₹ 4551.65,Five,True
Bridget Jones's Diary (Bridget Jones #1),₹ 3474.03,One,True
Bounty (Colorado Mountain #7),₹ 4340.79,Four,True
Blood Defense (Samantha Brinkman #1),₹ 2364.95,Three,True
"Bleach, Vol. 1: Strawberry and the Soul Reapers (Bleach #1)",₹ 4036.72,Five,True
Beyond Good and Evil,₹ 5053.77,One,True
Alice in Wonderland (Alice's Adventures in Wonderland #1),₹ 6469.24,One,True
"Ajin: Demi-Human, Volume 1 (Ajin: Demi-Human #1)",₹ 6647.49,Four,True
A Spy's Devotion (The Regency Spies of London #1),₹ 1977.0,Five,True
1st to Die (Women's Murder Club #1),₹ 6288.67,One,True
"1,000 Places to See Before You Die",₹ 3038.32,Five,True
